"0","library(conflicted)"
"2","package ‘conflicted’ was built under R version 3.6.3"
"0","library(tidyverse)"
"2","Registered S3 method overwritten by 'dplyr':
  method           from
  print.rowwise_df     
"
"2","Registered S3 methods overwritten by 'ggplot2':
  method         from 
  [.quosures     rlang
  c.quosures     rlang
  print.quosures rlang
"
"2","Registered S3 method overwritten by 'rvest':
  method            from
  read_xml.response xml2
"
"2","[30m-- [1mAttaching packages[22m --------------------------------------- tidyverse 1.2.1 --[39m
"
"2","[30m[32mv[30m [34mggplot2[30m 3.1.1       [32mv[30m [34mpurrr  [30m 0.3.2  
[32mv[30m [34mtibble [30m 2.1.1       [32mv[30m [34mdplyr  [30m 0.8.0.[31m1[30m
[32mv[30m [34mtidyr  [30m 0.8.3       [32mv[30m [34mstringr[30m 1.4.0  
[32mv[30m [34mreadr  [30m 1.3.1       [32mv[30m [34mforcats[30m 0.4.0  [39m
"
"2","[30m-- [1mConflicts[22m ------------------------------------------ tidyverse_conflicts() --
[31mx[30m [34mdplyr[30m::[32mfilter()[30m masks [34mstats[30m::filter()
[31mx[30m [34mdplyr[30m::[32mlag()[30m    masks [34mstats[30m::lag()[39m
"
"0","library(seqinr)"
"2","package ‘seqinr’ was built under R version 3.6.3"
"0","library(UniProt.ws)"
"2","Loading required package: RSQLite
"
"2","package ‘RSQLite’ was built under R version 3.6.3"
"2","Loading required package: RCurl
"
"2","Loading required package: bitops
"
"2","
Attaching package: ‘RCurl’

"
"2","The following object is masked from ‘package:tidyr’:

    complete

"
"2","Loading required package: BiocGenerics
"
"2","Loading required package: parallel
"
"2","
Attaching package: ‘BiocGenerics’

"
"2","The following objects are masked from ‘package:parallel’:

    clusterApply, clusterApplyLB, clusterCall, clusterEvalQ, clusterExport, clusterMap, parApply,
    parCapply, parLapply, parLapplyLB, parRapply, parSapply, parSapplyLB

"
"2","The following objects are masked from ‘package:dplyr’:

    combine, intersect, setdiff, union

"
"2","The following objects are masked from ‘package:stats’:

    IQR, mad, sd, var, xtabs

"
"2","The following objects are masked from ‘package:base’:

    anyDuplicated, append, as.data.frame, basename, cbind, colnames, dirname, do.call, duplicated,
    eval, evalq, Filter, Find, get, grep, grepl, intersect, is.unsorted, lapply, Map, mapply, match,
    mget, order, paste, pmax, pmax.int, pmin, pmin.int, Position, rank, rbind, Reduce, rownames,
    sapply, setdiff, sort, table, tapply, union, unique, unsplit, which, which.max, which.min

"
"2","Registered S3 methods overwritten by 'dbplyr':
  method         from
  print.tbl_lazy     
  print.tbl_sql      
"
"0","library(Biostrings)"
"2","Loading required package: S4Vectors
"
"2","package ‘S4Vectors’ was built under R version 3.6.3"
"2","Loading required package: stats4
"
"2","
Attaching package: ‘S4Vectors’

"
"2","The following objects are masked from ‘package:dplyr’:

    first, rename

"
"2","The following object is masked from ‘package:tidyr’:

    expand

"
"2","The following object is masked from ‘package:base’:

    expand.grid

"
"2","Loading required package: IRanges
"
"2","package ‘IRanges’ was built under R version 3.6.2"
"2","
Attaching package: ‘IRanges’

"
"2","The following objects are masked from ‘package:dplyr’:

    collapse, desc, slice

"
"2","The following object is masked from ‘package:purrr’:

    reduce

"
"2","The following object is masked from ‘package:grDevices’:

    windows

"
"2","Loading required package: XVector
"
"2","
Attaching package: ‘XVector’

"
"2","The following object is masked from ‘package:purrr’:

    compact

"
